protein_name,method,primer_order,pair_id,start,end,strand,primer_seq_5to3,length
SPAP,PD_single,0,0,-80,-60,f,GTGCTAGCCCCGCGAAATTA,20
SPAP,PD_single,1,0,98,120,r,CTCCGAGAACAAGTCTGCACTA,22
SPAP,PD_single,2,1,75,95,f,GTGGCAATTAGCGTGGACCA,20
SPAP,PD_single,3,1,251,272,r,GCGATAATACCCGTACGTGAC,21
SPAP,PD_single,4,2,222,243,f,CACTCAACGATCCTGACAGGA,21
SPAP,PD_single,5,2,400,418,r,CTTTCATGCGTCCCCCCA,18
SPAP,PD_single,6,3,368,387,f,AGCTTCGCCACTGCACTTA,19
SPAP,PD_single,7,3,547,566,r,ACAAGGGGAGTTGGCGCTA,19
SPAP,PD_single,8,4,516,539,f,GGGCCTCAGGGGTATGTTTCGTA,23
SPAP,PD_single,9,4,693,711,r,ACCAGCATCACGGGCGAA,18
SPAP,PD_single,10,5,665,685,f,GGGAAATCGCACAGTGGGTA,20
SPAP,PD_single,11,5,846,865,r,CGAAGGTGTGTCCCACGTA,19
SPAP,PD_single,12,6,818,843,f,TATTAGCATTGGACTGAGCGCTACG,25
SPAP,PD_single,13,6,995,1013,r,CGATGACGTTCGGGCAGA,18
SPAP,PD_single,14,7,967,987,f,TGCTGACTGCAGATCATGGA,20
SPAP,PD_single,15,7,1151,1171,r,CGGCTGTAAGGCCCTTATCA,20
SPAP,PD_single,16,8,1122,1142,f,TCAGATGGACCTTCTGGCGA,20
SPAP,PD_single,17,8,1299,1318,r,CGCGAGCTTCCTGGATCAA,19
SPAP,PD_single,18,9,1268,1289,f,TTCTCCGTCGGGACCACCTGA,21
SPAP,PD_single,19,9,1453,1472,r,CCTTTGCGCCAAAACAGGA,19
SPAP,PD_single,20,10,1425,1444,f,CCATGGGATACGGATCGCC,19
SPAP,PD_single,21,10,1611,1630,r,CTCCTCCCTGTCCAGCACA,19
SPAP,PD_single,22,11,1585,1604,f,ACTTGGTCGCCGGCAAGGA,19
SPAP,PD_single,23,11,1770,1789,r,TCAGGGTCAGCTTGCCGTA,19
SPAP,QuickChange,0,0,-57,-32,f,CGACTCACTATAGGGTCTAGAAATA,25
SPAP,QuickChange,1,0,123,143,r,CCTCCGGTGTAATATTGACG,20
SPAP,QuickChange,2,1,95,121,f,GTTTAGTGCAGACTTGTTCTCGGAGT,26
SPAP,QuickChange,3,1,269,295,r,CGTCCAAGTCGAACCAGTTATTAGCG,26
SPAP,QuickChange,4,2,234,256,f,CTGACAGGATCACGTCCGTCAC,22
SPAP,QuickChange,5,2,411,431,r,GCAGGATTGGCGGCTTTCAT,20
SPAP,QuickChange,6,3,383,405,f,CTTAAAGGTACCCACCCTGGGG,22
SPAP,QuickChange,7,3,556,582,r,CTGATTGACCTGTGTTACAAGGGGAG,26
SPAP,QuickChange,8,4,524,551,f,GGGGTATGTTTCGTATAAGGGTGTAGC,27
SPAP,QuickChange,9,4,696,721,r,CTTTGTAGTCACCAGCATCACGGGC,25
SPAP,QuickChange,10,5,664,686,f,CGGGAAATCGCACAGTGGGTAC,22
SPAP,QuickChange,11,5,837,860,r,GTGTGTCCCACGTAATCCGTAGC,23
SPAP,QuickChange,12,6,804,832,f,GCCCAGACCGATATTATTAGCATTGGAC,28
SPAP,QuickChange,13,6,978,1001,r,GGCAGATCGTGTCCTCCATGATC,23
SPAP,QuickChange,14,7,900,922,f,CGTTTAGACACGGAGCTTGGTG,22
SPAP,QuickChange,15,7,1068,1093,r,CTTTCTCAGCGATGGTAGCATTCAG,25
SPAP,QuickChange,16,8,1044,1067,f,GACATGGCCCTGACACCTAAAGC,23
SPAP,QuickChange,17,8,1215,1237,r,CAGTCTGTACTTGGGGATGCGC,22
SPAP,QuickChange,18,9,1173,1194,f,CAACGTGCCCGTGTTGAAACC,21
SPAP,QuickChange,19,9,1344,1372,r,CACGAGGTTTCAATAAAAGTAACAGGTC,28
SPAP,QuickChange,20,10,1318,1340,f,CGTCATTTTACCCGTCGCGCTC,22
SPAP,QuickChange,21,10,1475,1499,r,CCTAAGGGTTGTTCGAAATGCTGC,24
SPAP,QuickChange,22,11,1441,1463,f,GCCGTGTGCCTATCCTGTTTTG,22
SPAP,QuickChange,23,11,1551,1575,r,GCCGTCGATCTGATCCTTAGGAAC,24
SPAP,QuickChange,24,12,1525,1550,f,CCTTGGCTGCACTTATTAAGCTTCC,25
SPAP,QuickChange,25,12,1642,1664,r,TTGCTCACCATGCCACTGCCTC,22
SPAP,PrimalScheme,0,0,-81,-59,f,GGTGCTAGCCCCGCGAAATTAA,22
SPAP,PrimalScheme,1,0,139,165,r,TTCGGATGTAAGACGCTTTAAACCTC,26
SPAP,PrimalScheme,2,1,94,119,f,AGTTTAGTGCAGACTTGTTCTCGGA,25
SPAP,PrimalScheme,3,1,314,339,r,GGATTCATCCTCAGCACAGTACAGA,25
SPAP,PrimalScheme,4,2,252,280,f,TCACGTACGGGTATTATCGCTAATAACT,28
SPAP,PrimalScheme,5,2,472,492,r,TGTGGCGCCACCCATCATAA,20
SPAP,PrimalScheme,6,3,366,389,f,GAAGCTTCGCCACTGCACTTAAA,23
SPAP,PrimalScheme,7,3,576,596,r,CGCTGTGCAAAGGCCTGATT,20
SPAP,PrimalScheme,8,4,527,553,f,GTATGTTTCGTATAAGGGTGTAGCGC,26
SPAP,PrimalScheme,9,4,747,768,r,AGCGAATGCAAGCGTCATAGC,21
SPAP,PrimalScheme,10,5,712,737,f,ACTACAAAGGTTTTCGCATTTCCCC,25
SPAP,PrimalScheme,11,5,932,961,r,CGTAGTCAATCCCATCCTTATCCAGTTTA,29
SPAP,PrimalScheme,12,6,889,913,f,TCCAAGTGGATCGTTTAGACACGG,24
SPAP,PrimalScheme,13,6,1105,1132,r,GTCCATCTGACCAAATAACCTTTTTGC,27
SPAP,PrimalScheme,14,7,1064,1086,f,AGCTCTGAATGCTACCATCGCT,22
SPAP,PrimalScheme,15,7,1284,1307,r,TGGATCAAACTCCAGCTCTCAGG,23
SPAP,PrimalScheme,16,8,1232,1258,f,GACTGTATTCACTAAGGCGGAAATCG,26
SPAP,PrimalScheme,17,8,1452,1476,r,CATACCTTTGCGCCAAAACAGGAT,24
SPAP,PrimalScheme,18,9,1342,1370,f,GGGACCTGTTACTTTTATTGAAACCTCG,28
SPAP,PrimalScheme,19,9,1552,1575,r,GCCGTCGATCTGATCCTTAGGAA,23
SPAP,PrimalScheme,20,10,1502,1528,f,AGAGACTGTTGATATTTTGCCCTCCT,26
SPAP,PrimalScheme,21,10,1722,1742,r,ACGCTGAACTTGTGGCCGTT,20
